Ticker,Stock Name
20MICRONS.NS,20MICRONS
21STCENMGM.NS,21STCENMGM
360ONE.NS,360ONE
3IINFOLTD.NS,3IINFOLTD
3MINDIA.NS,3MINDIA
3PLAND.NS,3PLAND
5PAISA.NS,5PAISA
63MOONS.NS,63MOONS
A2ZINFRA.NS,A2ZINFRA
AAATECH.NS,AAATECH
AADHARHFC.NS,AADHARHFC
AAKASH.NS,AAKASH
AAREYDRUGS.NS,AAREYDRUGS
AARON.NS,AARON
AARTECH.NS,AARTECH
AARTIDRUGS.NS,AARTIDRUGS
AARTIIND.NS,AARTIIND
AARTIPHARM.NS,AARTIPHARM
AARTISURF.NS,AARTISURF
AARVEEDEN.NS,AARVEEDEN
AARVI.NS,AARVI
AAVAS.NS,AAVAS
ABAN.NS,ABAN
ABB.NS,ABB
ABBOTINDIA.NS,ABBOTINDIA
ABCAPITAL.NS,ABCAPITAL
ABDL.NS,ABDL
ABFRL.NS,ABFRL
ABINFRA.NS,ABINFRA
ABMINTLLTD.NS,ABMINTLLTD
ABREL.NS,ABREL
ABSLAMC.NS,ABSLAMC
ACC.NS,ACC
ACCELYA.NS,ACCELYA
ACCURACY.NS,ACCURACY
ACE.NS,ACE
ACEINTEG.NS,ACEINTEG
ACI.NS,ACI
ACL.NS,ACL
ACLGATI.NS,ACLGATI
ACMESOLAR.NS,ACMESOLAR
ADANIENSOL.NS,ADANIENSOL
ADANIENT.NS,ADANIENT
ADANIGREEN.NS,ADANIGREEN
ADANIPORTS.NS,ADANIPORTS
ADANIPOWER.NS,ADANIPOWER
ADFFOODS.NS,ADFFOODS
ADL.NS,ADL
ADORWELD.NS,ADORWELD
ADROITINFO.NS,ADROITINFO
ADSL.NS,ADSL
ADVANIHOTR.NS,ADVANIHOTR
ADVENZYMES.NS,ADVENZYMES
AEGISLOG.NS,AEGISLOG
AEROFLEX.NS,AEROFLEX
AETHER.NS,AETHER
AFCONS.NS,AFCONS
AFFLE.NS,AFFLE
AFFORDABLE.NS,AFFORDABLE
AFIL.NS,AFIL
AGARIND.NS,AGARIND
AGARWALEYE.NS,AGARWALEYE
AGI.NS,AGI
AGIIL.NS,AGIIL
AGRITECH.NS,AGRITECH
AGROPHOS.NS,AGROPHOS
AGSTRA.NS,AGSTRA
AHL.NS,AHL
AHLADA.NS,AHLADA
AHLEAST.NS,AHLEAST
AHLUCONT.NS,AHLUCONT
AIAENG.NS,AIAENG
AIIL.NS,AIIL
AIRAN.NS,AIRAN
AIROLAM.NS,AIROLAM
AJANTPHARM.NS,AJANTPHARM
AJAXENGG.NS,AJAXENGG
AJMERA.NS,AJMERA
AJOONI.NS,AJOONI
AKASH.NS,AKASH
AKG.NS,AKG
AKI.NS,AKI
AKSHAR.NS,AKSHAR
AKSHARCHEM.NS,AKSHARCHEM
AKSHOPTFBR.NS,AKSHOPTFBR
AKUMS.NS,AKUMS
AKZOINDIA.NS,AKZOINDIA
ALANKIT.NS,ALANKIT
ALBERTDAVD.NS,ALBERTDAVD
ALEMBICLTD.NS,ALEMBICLTD
ALICON.NS,ALICON
ALIVUS.NS,ALIVUS
ALKALI.NS,ALKALI
ALKEM.NS,ALKEM
ALKYLAMINE.NS,ALKYLAMINE
ALLCARGO.NS,ALLCARGO
ALLDIGI.NS,ALLDIGI
ALMONDZ.NS,ALMONDZ
ALOKINDS.NS,ALOKINDS
ALPA.NS,ALPA
ALPHAGEO.NS,ALPHAGEO
ALPSINDUS.NS,ALPSINDUS
AMBER.NS,AMBER
AMBICAAGAR.NS,AMBICAAGAR
AMBIKCO.NS,AMBIKCO
AMBUJACEM.NS,AMBUJACEM
AMDIND.NS,AMDIND
AMIORG.NS,AMIORG
AMJLAND.NS,AMJLAND
AMNPLST.NS,AMNPLST
AMRUTANJAN.NS,AMRUTANJAN
ANANDRATHI.NS,ANANDRATHI
ANANTRAJ.NS,ANANTRAJ
ANDHRAPAP.NS,ANDHRAPAP
ANDHRSUGAR.NS,ANDHRSUGAR
ANGELONE.NS,ANGELONE
ANIKINDS.NS,ANIKINDS
ANMOL.NS,ANMOL
ANSALAPI.NS,ANSALAPI
ANTGRAPHIC.NS,ANTGRAPHIC
ANUHPHR.NS,ANUHPHR
ANUP.NS,ANUP
ANURAS.NS,ANURAS
APARINDS.NS,APARINDS
APCL.NS,APCL
APCOTEXIND.NS,APCOTEXIND
APEX.NS,APEX
APLAPOLLO.NS,APLAPOLLO
APLLTD.NS,APLLTD
APOLLO.NS,APOLLO
APOLLOHOSP.NS,APOLLOHOSP
APOLLOPIPE.NS,APOLLOPIPE
APOLLOTYRE.NS,APOLLOTYRE
APOLSINHOT.NS,APOLSINHOT
APTECHT.NS,APTECHT
APTUS.NS,APTUS
ARCHIDPLY.NS,ARCHIDPLY
ARCHIES.NS,ARCHIES
ARE&M.NS,ARE&M
ARENTERP.NS,ARENTERP
ARIES.NS,ARIES
ARIHANTCAP.NS,ARIHANTCAP
ARIHANTSUP.NS,ARIHANTSUP
ARKADE.NS,ARKADE
ARMANFIN.NS,ARMANFIN
AROGRANITE.NS,AROGRANITE
ARROWGREEN.NS,ARROWGREEN
ARTEMISMED.NS,ARTEMISMED
ARTNIRMAN.NS,ARTNIRMAN
ARVEE.NS,ARVEE
ARVIND.NS,ARVIND
ARVINDFASN.NS,ARVINDFASN
ARVSMART.NS,ARVSMART
ASAHIINDIA.NS,ASAHIINDIA
ASAHISONG.NS,ASAHISONG
ASAL.NS,ASAL
ASALCBR.NS,ASALCBR
ASHAPURMIN.NS,ASHAPURMIN
ASHIANA.NS,ASHIANA
ASHIMASYN.NS,ASHIMASYN
ASHOKA.NS,ASHOKA
ASHOKAMET.NS,ASHOKAMET
ASHOKLEY.NS,ASHOKLEY
ASIANENE.NS,ASIANENE
ASIANHOTNR.NS,ASIANHOTNR
ASIANPAINT.NS,ASIANPAINT
ASIANTILES.NS,ASIANTILES
ASKAUTOLTD.NS,ASKAUTOLTD
ASMS.NS,ASMS
ASPINWALL.NS,ASPINWALL
ASTEC.NS,ASTEC
ASTERDM.NS,ASTERDM
ASTRAL.NS,ASTRAL
ASTRAMICRO.NS,ASTRAMICRO
ASTRAZEN.NS,ASTRAZEN
ASTRON.NS,ASTRON
ATALREAL.NS,ATALREAL
ATAM.NS,ATAM
ATFL.NS,ATFL
ATGL.NS,ATGL
ATL.NS,ATL
ATLANTAA.NS,ATLANTAA
ATLASCYCLE.NS,ATLASCYCLE
ATUL.NS,ATUL
ATULAUTO.NS,ATULAUTO
AUBANK.NS,AUBANK
AURIONPRO.NS,AURIONPRO
AUROPHARMA.NS,AUROPHARMA
AURUM.NS,AURUM
AUSOMENT.NS,AUSOMENT
AUTOAXLES.NS,AUTOAXLES
AUTOIND.NS,AUTOIND
AVADHSUGAR.NS,AVADHSUGAR
AVALON.NS,AVALON
AVANTEL.NS,AVANTEL
AVANTIFEED.NS,AVANTIFEED
AVG.NS,AVG
AVL.NS,AVL
AVONMORE.NS,AVONMORE
AVROIND.NS,AVROIND
AVTNPL.NS,AVTNPL
AWFIS.NS,AWFIS
AWHCL.NS,AWHCL
AWL.NS,AWL
AXISBANK.NS,AXISBANK
AXISCADES.NS,AXISCADES
AXITA.NS,AXITA
AYMSYNTEX.NS,AYMSYNTEX
AZAD.NS,AZAD
BAFNAPH.NS,BAFNAPH
BAGFILMS.NS,BAGFILMS
BAIDFIN.NS,BAIDFIN
BAJAJ-AUTO.NS,BAJAJ-AUTO
BAJAJCON.NS,BAJAJCON
BAJAJELEC.NS,BAJAJELEC
BAJAJFINSV.NS,BAJAJFINSV
BAJAJHCARE.NS,BAJAJHCARE
BAJAJHFL.NS,BAJAJHFL
BAJAJHIND.NS,BAJAJHIND
BAJAJHLDNG.NS,BAJAJHLDNG
BAJAJINDEF.NS,BAJAJINDEF
BAJEL.NS,BAJEL
BAJFINANCE.NS,BAJFINANCE
BALAJEE.NS,BALAJEE
BALAJITELE.NS,BALAJITELE
BALAMINES.NS,BALAMINES
BALAXI.NS,BALAXI
BALKRISHNA.NS,BALKRISHNA
BALKRISIND.NS,BALKRISIND
BALMLAWRIE.NS,BALMLAWRIE
BALPHARMA.NS,BALPHARMA
BALRAMCHIN.NS,BALRAMCHIN
BALUFORGE.NS,BALUFORGE
BANARBEADS.NS,BANARBEADS
BANARISUG.NS,BANARISUG
BANCOINDIA.NS,BANCOINDIA
BANDHANBNK.NS,BANDHANBNK
BANG.NS,BANG
BANKA.NS,BANKA
BANKBARODA.NS,BANKBARODA
BANKINDIA.NS,BANKINDIA
BANSALWIRE.NS,BANSALWIRE
BANSWRAS.NS,BANSWRAS
BARBEQUE.NS,BARBEQUE
BASF.NS,BASF
BASML.NS,BASML
BATAINDIA.NS,BATAINDIA
BAYERCROP.NS,BAYERCROP
BBL.NS,BBL
BBOX.NS,BBOX
BBTC.NS,BBTC
BBTCL.NS,BBTCL
BCLIND.NS,BCLIND
BCONCEPTS.NS,BCONCEPTS
BDL.NS,BDL
BEARDSELL.NS,BEARDSELL
BECTORFOOD.NS,BECTORFOOD
BEDMUTHA.NS,BEDMUTHA
BEL.NS,BEL
BEML.NS,BEML
BEPL.NS,BEPL
BERGEPAINT.NS,BERGEPAINT
BESTAGRO.NS,BESTAGRO
BFINVEST.NS,BFINVEST
BFUTILITIE.NS,BFUTILITIE
BGRENERGY.NS,BGRENERGY
BHAGCHEM.NS,BHAGCHEM
BHAGERIA.NS,BHAGERIA
BHAGYANGR.NS,BHAGYANGR
BHANDARI.NS,BHANDARI
BHARATFORG.NS,BHARATFORG
BHARATGEAR.NS,BHARATGEAR
BHARATRAS.NS,BHARATRAS
BHARATSE.NS,BHARATSE
BHARATWIRE.NS,BHARATWIRE
BHARTIARTL.NS,BHARTIARTL
BHARTIHEXA.NS,BHARTIHEXA
BHEL.NS,BHEL
BIGBLOC.NS,BIGBLOC
BIKAJI.NS,BIKAJI
BIL.NS,BIL
BINANIIND.NS,BINANIIND
BIOCON.NS,BIOCON
BIOFILCHEM.NS,BIOFILCHEM
BIRLACABLE.NS,BIRLACABLE
BIRLACORPN.NS,BIRLACORPN
BIRLAMONEY.NS,BIRLAMONEY
BLACKBUCK.NS,BLACKBUCK
BLAL.NS,BLAL
BLBLIMITED.NS,BLBLIMITED
BLISSGVS.NS,BLISSGVS
BLKASHYAP.NS,BLKASHYAP
BLS.NS,BLS
BLSE.NS,BLSE
BLUECHIP.NS,BLUECHIP
BLUECOAST.NS,BLUECOAST
BLUEDART.NS,BLUEDART
BLUEJET.NS,BLUEJET
BLUESTARCO.NS,BLUESTARCO
BODALCHEM.NS,BODALCHEM
BOHRAIND.NS,BOHRAIND
BOMDYEING.NS,BOMDYEING
BOROLTD.NS,BOROLTD
BORORENEW.NS,BORORENEW
BOROSCI.NS,BOROSCI
BOSCHLTD.NS,BOSCHLTD
BPCL.NS,BPCL
BPL.NS,BPL
BRIGADE.NS,BRIGADE
BRITANNIA.NS,BRITANNIA
BRNL.NS,BRNL
BROOKS.NS,BROOKS
BSE.NS,BSE
BSHSL.NS,BSHSL
BSL.NS,BSL
BSOFT.NS,BSOFT
BTML.NS,BTML
BUTTERFLY.NS,BUTTERFLY
BVCL.NS,BVCL
BYKE.NS,BYKE
CALSOFT.NS,CALSOFT
CAMLINFINE.NS,CAMLINFINE
CAMPUS.NS,CAMPUS
CAMS.NS,CAMS
CANBK.NS,CANBK
CANFINHOME.NS,CANFINHOME
CANTABIL.NS,CANTABIL
CAPACITE.NS,CAPACITE
CAPITALSFB.NS,CAPITALSFB
CAPLIPOINT.NS,CAPLIPOINT
CAPTRUST.NS,CAPTRUST
CARBORUNIV.NS,CARBORUNIV
CARERATING.NS,CARERATING
CARRARO.NS,CARRARO
CARTRADE.NS,CARTRADE
CARYSIL.NS,CARYSIL
CASTROLIND.NS,CASTROLIND
CCCL.NS,CCCL
CCHHL.NS,CCHHL
CCL.NS,CCL
CDSL.NS,CDSL
CEATLTD.NS,CEATLTD
CEIGALL.NS,CEIGALL
CELEBRITY.NS,CELEBRITY
CELLO.NS,CELLO
CENTENKA.NS,CENTENKA
CENTEXT.NS,CENTEXT
CENTRALBK.NS,CENTRALBK
CENTRUM.NS,CENTRUM
CENTUM.NS,CENTUM
CENTURYPLY.NS,CENTURYPLY
CERA.NS,CERA
CEREBRAINT.NS,CEREBRAINT
CESC.NS,CESC
CEWATER.NS,CEWATER
CGCL.NS,CGCL
CGPOWER.NS,CGPOWER
CHALET.NS,CHALET
CHAMBLFERT.NS,CHAMBLFERT
CHEMBOND.NS,CHEMBOND
CHEMCON.NS,CHEMCON
CHEMFAB.NS,CHEMFAB
CHEMPLASTS.NS,CHEMPLASTS
CHENNPETRO.NS,CHENNPETRO
CHEVIOT.NS,CHEVIOT
CHOICEIN.NS,CHOICEIN
CHOLAFIN.NS,CHOLAFIN
CHOLAHLDNG.NS,CHOLAHLDNG
CIEINDIA.NS,CIEINDIA
CIGNITITEC.NS,CIGNITITEC
CINELINE.NS,CINELINE
CINEVISTA.NS,CINEVISTA
CIPLA.NS,CIPLA
CLEAN.NS,CLEAN
CLEDUCATE.NS,CLEDUCATE
CLSEL.NS,CLSEL
CMSINFO.NS,CMSINFO
COALINDIA.NS,COALINDIA
COASTCORP.NS,COASTCORP
COCHINSHIP.NS,COCHINSHIP
COFFEEDAY.NS,COFFEEDAY
COFORGE.NS,COFORGE
COLPAL.NS,COLPAL
COMPINFO.NS,COMPINFO
COMPUSOFT.NS,COMPUSOFT
COMSYN.NS,COMSYN
CONCOR.NS,CONCOR
CONCORDBIO.NS,CONCORDBIO
CONFIPET.NS,CONFIPET
CONSOFINVT.NS,CONSOFINVT
CONTROLPR.NS,CONTROLPR
CORALFINAC.NS,CORALFINAC
CORDSCABLE.NS,CORDSCABLE
COROMANDEL.NS,COROMANDEL
COSMOFIRST.NS,COSMOFIRST
COUNCODOS.NS,COUNCODOS
CPCAP.NS,CPCAP
CRAFTSMAN.NS,CRAFTSMAN
CREATIVE.NS,CREATIVE
CREATIVEYE.NS,CREATIVEYE
CREDITACC.NS,CREDITACC
CREST.NS,CREST
CRISIL.NS,CRISIL
CROMPTON.NS,CROMPTON
CROWN.NS,CROWN
CSBBANK.NS,CSBBANK
CSLFINANCE.NS,CSLFINANCE
CTE.NS,CTE
CUB.NS,CUB
CUBEXTUB.NS,CUBEXTUB
CUMMINSIND.NS,CUMMINSIND
CUPID.NS,CUPID
CURAA.NS,CURAA
CYBERMEDIA.NS,CYBERMEDIA
CYBERTECH.NS,CYBERTECH
CYIENT.NS,CYIENT
CYIENTDLM.NS,CYIENTDLM
DABUR.NS,DABUR
DALBHARAT.NS,DALBHARAT
DALMIASUG.NS,DALMIASUG
DAMCAPITAL.NS,DAMCAPITAL
DAMODARIND.NS,DAMODARIND
DANGEE.NS,DANGEE
DATAMATICS.NS,DATAMATICS
DATAPATTNS.NS,DATAPATTNS
DAVANGERE.NS,DAVANGERE
DBCORP.NS,DBCORP
DBEIL.NS,DBEIL
DBL.NS,DBL
DBOL.NS,DBOL
DBREALTY.NS,DBREALTY
DBSTOCKBRO.NS,DBSTOCKBRO
DCAL.NS,DCAL
DCBBANK.NS,DCBBANK
DCI.NS,DCI
DCM.NS,DCM
DCMFINSERV.NS,DCMFINSERV
DCMNVL.NS,DCMNVL
DCMSHRIRAM.NS,DCMSHRIRAM
DCMSRIND.NS,DCMSRIND
DCW.NS,DCW
DCXINDIA.NS,DCXINDIA
DDEVPLSTIK.NS,DDEVPLSTIK
DECCANCE.NS,DECCANCE
DEEDEV.NS,DEEDEV
DEEPAKFERT.NS,DEEPAKFERT
DEEPAKNTR.NS,DEEPAKNTR
DEEPINDS.NS,DEEPINDS
DELHIVERY.NS,DELHIVERY
DELPHIFX.NS,DELPHIFX
DELTACORP.NS,DELTACORP
DELTAMAGNT.NS,DELTAMAGNT
DEN.NS,DEN
DENORA.NS,DENORA
DENTA.NS,DENTA
DEVIT.NS,DEVIT
DEVYANI.NS,DEVYANI
DGCONTENT.NS,DGCONTENT
DHAMPURSUG.NS,DHAMPURSUG
DHANBANK.NS,DHANBANK
DHANI.NS,DHANI
DHANUKA.NS,DHANUKA
DHARMAJ.NS,DHARMAJ
DHRUV.NS,DHRUV
DHUNINV.NS,DHUNINV
DIACABS.NS,DIACABS
DIAMINESQ.NS,DIAMINESQ
DIAMONDYD.NS,DIAMONDYD
DICIND.NS,DICIND
DIFFNKG.NS,DIFFNKG
DIGIDRIVE.NS,DIGIDRIVE
DIGISPICE.NS,DIGISPICE
DIGJAMLMTD.NS,DIGJAMLMTD
DIL.NS,DIL
DISHTV.NS,DISHTV
DIVGIITTS.NS,DIVGIITTS
DIVISLAB.NS,DIVISLAB
DIXON.NS,DIXON
DJML.NS,DJML
DLF.NS,DLF
DLINKINDIA.NS,DLINKINDIA
DMART.NS,DMART
DMCC.NS,DMCC
DNAMEDIA.NS,DNAMEDIA
DODLA.NS,DODLA
DOLATALGO.NS,DOLATALGO
DOLLAR.NS,DOLLAR
DOLPHIN.NS,DOLPHIN
DOMS.NS,DOMS
DONEAR.NS,DONEAR
DPABHUSHAN.NS,DPABHUSHAN
DPSCLTD.NS,DPSCLTD
DPWIRES.NS,DPWIRES
DRCSYSTEMS.NS,DRCSYSTEMS
DREAMFOLKS.NS,DREAMFOLKS
DREDGECORP.NS,DREDGECORP
DRREDDY.NS,DRREDDY
DSSL.NS,DSSL
DTIL.NS,DTIL
DUCON.NS,DUCON
DVL.NS,DVL
DWARKESH.NS,DWARKESH
DYCL.NS,DYCL
DYNAMATECH.NS,DYNAMATECH
DYNPRO.NS,DYNPRO
E2E.NS,E2E
EASEMYTRIP.NS,EASEMYTRIP
ECLERX.NS,ECLERX
ECOSMOBLTY.NS,ECOSMOBLTY
EDELWEISS.NS,EDELWEISS
EICHERMOT.NS,EICHERMOT
EIDPARRY.NS,EIDPARRY
EIEL.NS,EIEL
EIFFL.NS,EIFFL
EIHAHOTELS.NS,EIHAHOTELS
EIHOTEL.NS,EIHOTEL
EIMCOELECO.NS,EIMCOELECO
EKC.NS,EKC
ELDEHSG.NS,ELDEHSG
ELECON.NS,ELECON
ELECTCAST.NS,ELECTCAST
ELECTHERM.NS,ELECTHERM
ELGIEQUIP.NS,ELGIEQUIP
ELGIRUBCO.NS,ELGIRUBCO
ELIN.NS,ELIN
EMAMILTD.NS,EMAMILTD
EMAMIPAP.NS,EMAMIPAP
EMAMIREAL.NS,EMAMIREAL
EMBDL.NS,EMBDL
EMCURE.NS,EMCURE
EMIL.NS,EMIL
EMKAY.NS,EMKAY
EMMBI.NS,EMMBI
EMSLIMITED.NS,EMSLIMITED
EMUDHRA.NS,EMUDHRA
ENDURANCE.NS,ENDURANCE
ENERGYDEV.NS,ENERGYDEV
ENGINERSIN.NS,ENGINERSIN
ENIL.NS,ENIL
ENTERO.NS,ENTERO
EPACK.NS,EPACK
EPIGRAL.NS,EPIGRAL
EPL.NS,EPL
EQUIPPP.NS,EQUIPPP
EQUITASBNK.NS,EQUITASBNK
ERIS.NS,ERIS
ESABINDIA.NS,ESABINDIA
ESAFSFB.NS,ESAFSFB
ESCORTS.NS,ESCORTS
ESSARSHPNG.NS,ESSARSHPNG
ESSENTIA.NS,ESSENTIA
ESTER.NS,ESTER
ETHOSLTD.NS,ETHOSLTD
EUREKAFORB.NS,EUREKAFORB
EUROTEXIND.NS,EUROTEXIND
EVEREADY.NS,EVEREADY
EVERESTIND.NS,EVERESTIND
EXCEL.NS,EXCEL
EXCELINDUS.NS,EXCELINDUS
EXICOM.NS,EXICOM
EXIDEIND.NS,EXIDEIND
EXPLEOSOL.NS,EXPLEOSOL
EXXARO.NS,EXXARO
FACT.NS,FACT
FAIRCHEMOR.NS,FAIRCHEMOR
FAZE3Q.NS,FAZE3Q
FCL.NS,FCL
FCSSOFT.NS,FCSSOFT
FDC.NS,FDC
FEDERALBNK.NS,FEDERALBNK
FEDFINA.NS,FEDFINA
FEL.NS,FEL
FELDVR.NS,FELDVR
FIBERWEB.NS,FIBERWEB
FIEMIND.NS,FIEMIND
FILATEX.NS,FILATEX
FILATFASH.NS,FILATFASH
FINCABLES.NS,FINCABLES
FINEORG.NS,FINEORG
FINOPB.NS,FINOPB
FINPIPE.NS,FINPIPE
FIRSTCRY.NS,FIRSTCRY
FIVESTAR.NS,FIVESTAR
FLAIR.NS,FLAIR
FLEXITUFF.NS,FLEXITUFF
FLFL.NS,FLFL
FLUOROCHEM.NS,FLUOROCHEM
FMGOETZE.NS,FMGOETZE
FMNL.NS,FMNL
FOCUS.NS,FOCUS
FOODSIN.NS,FOODSIN
FORCEMOT.NS,FORCEMOT
FORTIS.NS,FORTIS
FOSECOIND.NS,FOSECOIND
FSC.NS,FSC
FSL.NS,FSL
FUSION.NS,FUSION
GABRIEL.NS,GABRIEL
GAEL.NS,GAEL
GAIL.NS,GAIL
GALAPREC.NS,GALAPREC
GALAXYSURF.NS,GALAXYSURF
GALLANTT.NS,GALLANTT
GANDHAR.NS,GANDHAR
GANDHITUBE.NS,GANDHITUBE
GANECOS.NS,GANECOS
GANESHBE.NS,GANESHBE
GANESHHOUC.NS,GANESHHOUC
GANGAFORGE.NS,GANGAFORGE
GANGESSECU.NS,GANGESSECU
GARFIBRES.NS,GARFIBRES
GARUDA.NS,GARUDA
GATECH.NS,GATECH
GATECHDVR.NS,GATECHDVR
GATEWAY.NS,GATEWAY
GAYAHWS.NS,GAYAHWS
GAYAPROJ.NS,GAYAPROJ
GEECEE.NS,GEECEE
GEEKAYWIRE.NS,GEEKAYWIRE
GENCON.NS,GENCON
GENESYS.NS,GENESYS
GENSOL.NS,GENSOL
GENUSPAPER.NS,GENUSPAPER
GENUSPOWER.NS,GENUSPOWER
GEOJITFSL.NS,GEOJITFSL
GEPIL.NS,GEPIL
GESHIP.NS,GESHIP
GFLLIMITED.NS,GFLLIMITED
GHCL.NS,GHCL
GHCLTEXTIL.NS,GHCLTEXTIL
GICHSGFIN.NS,GICHSGFIN
GICRE.NS,GICRE
GILLANDERS.NS,GILLANDERS
GILLETTE.NS,GILLETTE
GINNIFILA.NS,GINNIFILA
GIPCL.NS,GIPCL
GKWLIMITED.NS,GKWLIMITED
GLAND.NS,GLAND
GLAXO.NS,GLAXO
GLENMARK.NS,GLENMARK
GLFL.NS,GLFL
GLOBAL.NS,GLOBAL
GLOBALE.NS,GLOBALE
GLOBALVECT.NS,GLOBALVECT
GLOBE.NS,GLOBE
GLOBUSSPR.NS,GLOBUSSPR
GLOSTERLTD.NS,GLOSTERLTD
GMBREW.NS,GMBREW
GMDCLTD.NS,GMDCLTD
GMMPFAUDLR.NS,GMMPFAUDLR
GMRAIRPORT.NS,GMRAIRPORT
GMRP&UI.NS,GMRP&UI
GNA.NS,GNA
GNFC.NS,GNFC
GOACARBON.NS,GOACARBON
GOCLCORP.NS,GOCLCORP
GOCOLORS.NS,GOCOLORS
GODAVARIB.NS,GODAVARIB
GODFRYPHLP.NS,GODFRYPHLP
GODHA.NS,GODHA
GODIGIT.NS,GODIGIT
GODREJAGRO.NS,GODREJAGRO
GODREJCP.NS,GODREJCP
GODREJIND.NS,GODREJIND
GODREJPROP.NS,GODREJPROP
GOENKA.NS,GOENKA
GOKEX.NS,GOKEX
GOKUL.NS,GOKUL
GOKULAGRO.NS,GOKULAGRO
GOLDENTOBC.NS,GOLDENTOBC
GOLDIAM.NS,GOLDIAM
GOLDTECH.NS,GOLDTECH
GOODLUCK.NS,GOODLUCK
GOPAL.NS,GOPAL
GOYALALUM.NS,GOYALALUM
GPIL.NS,GPIL
GPPL.NS,GPPL
GPTHEALTH.NS,GPTHEALTH
GPTINFRA.NS,GPTINFRA
GRANULES.NS,GRANULES
GRAPHITE.NS,GRAPHITE
GRASIM.NS,GRASIM
GRAVITA.NS,GRAVITA
GREAVESCOT.NS,GREAVESCOT
GREENLAM.NS,GREENLAM
GREENPANEL.NS,GREENPANEL
GREENPLY.NS,GREENPLY
GREENPOWER.NS,GREENPOWER
GRINDWELL.NS,GRINDWELL
GRINFRA.NS,GRINFRA
GRMOVER.NS,GRMOVER
GROBTEA.NS,GROBTEA
GRPLTD.NS,GRPLTD
GRSE.NS,GRSE
GRWRHITECH.NS,GRWRHITECH
GSFC.NS,GSFC
GSLSU.NS,GSLSU
GSPL.NS,GSPL
GSS.NS,GSS
GTECJAINX.NS,GTECJAINX
GTL.NS,GTL
GTLINFRA.NS,GTLINFRA
GTPL.NS,GTPL
GUFICBIO.NS,GUFICBIO
GUJALKALI.NS,GUJALKALI
GUJAPOLLO.NS,GUJAPOLLO
GUJGASLTD.NS,GUJGASLTD
GUJRAFFIA.NS,GUJRAFFIA
GUJTHEM.NS,GUJTHEM
GULFOILLUB.NS,GULFOILLUB
GULFPETRO.NS,GULFPETRO
GULPOLY.NS,GULPOLY
GVKPIL.NS,GVKPIL
GVPTECH.NS,GVPTECH
GVT&D.NS,GVT&D
HAL.NS,HAL
HAPPSTMNDS.NS,HAPPSTMNDS
HAPPYFORGE.NS,HAPPYFORGE
HARDWYN.NS,HARDWYN
HARIOMPIPE.NS,HARIOMPIPE
HARRMALAYA.NS,HARRMALAYA
HARSHA.NS,HARSHA
HATHWAY.NS,HATHWAY
HATSUN.NS,HATSUN
HAVELLS.NS,HAVELLS
HAVISHA.NS,HAVISHA
HBLENGINE.NS,HBLENGINE
HBSL.NS,HBSL
HCC.NS,HCC
HCG.NS,HCG
HCL-INSYS.NS,HCL-INSYS
HCLTECH.NS,HCLTECH
HDFCAMC.NS,HDFCAMC
HDFCBANK.NS,HDFCBANK
HDFCLIFE.NS,HDFCLIFE
HDIL.NS,HDIL
HEADSUP.NS,HEADSUP
HECPROJECT.NS,HECPROJECT
HEG.NS,HEG
HEIDELBERG.NS,HEIDELBERG
HEMIPROP.NS,HEMIPROP
HERANBA.NS,HERANBA
HERCULES.NS,HERCULES
HERITGFOOD.NS,HERITGFOOD
HEROMOTOCO.NS,HEROMOTOCO
HESTERBIO.NS,HESTERBIO
HEUBACHIND.NS,HEUBACHIND
HEXATRADEX.NS,HEXATRADEX
HEXT.NS,HEXT
HFCL.NS,HFCL
HGINFRA.NS,HGINFRA
HGS.NS,HGS
HIKAL.NS,HIKAL
HIL.NS,HIL
HILTON.NS,HILTON
HIMATSEIDE.NS,HIMATSEIDE
HINDALCO.NS,HINDALCO
HINDCOMPOS.NS,HINDCOMPOS
HINDCON.NS,HINDCON
HINDCOPPER.NS,HINDCOPPER
HINDMOTORS.NS,HINDMOTORS
HINDOILEXP.NS,HINDOILEXP
HINDPETRO.NS,HINDPETRO
HINDUNILVR.NS,HINDUNILVR
HINDWAREAP.NS,HINDWAREAP
HINDZINC.NS,HINDZINC
HIRECT.NS,HIRECT
HISARMETAL.NS,HISARMETAL
HITECH.NS,HITECH
HITECHCORP.NS,HITECHCORP
HITECHGEAR.NS,HITECHGEAR
HLEGLAS.NS,HLEGLAS
HLVLTD.NS,HLVLTD
HMAAGRO.NS,HMAAGRO
HMT.NS,HMT
HMVL.NS,HMVL
HNDFDS.NS,HNDFDS
HOMEFIRST.NS,HOMEFIRST
HONASA.NS,HONASA
HONAUT.NS,HONAUT
HONDAPOWER.NS,HONDAPOWER
HOVS.NS,HOVS
HPAL.NS,HPAL
HPIL.NS,HPIL
HPL.NS,HPL
HSCL.NS,HSCL
HTMEDIA.NS,HTMEDIA
HUBTOWN.NS,HUBTOWN
HUDCO.NS,HUDCO
HUHTAMAKI.NS,HUHTAMAKI
HYBRIDFIN.NS,HYBRIDFIN
HYUNDAI.NS,HYUNDAI
ICDSLTD.NS,ICDSLTD
ICEMAKE.NS,ICEMAKE
ICICIBANK.NS,ICICIBANK
ICICIGI.NS,ICICIGI
ICICIPRULI.NS,ICICIPRULI
ICIL.NS,ICIL
ICRA.NS,ICRA
IDBI.NS,IDBI
IDEA.NS,IDEA
IDEAFORGE.NS,IDEAFORGE
IDFCFIRSTB.NS,IDFCFIRSTB
IEL.NS,IEL
IEX.NS,IEX
IFBAGRO.NS,IFBAGRO
IFBIND.NS,IFBIND
IFCI.NS,IFCI
IFGLEXPOR.NS,IFGLEXPOR
IGARASHI.NS,IGARASHI
IGIL.NS,IGIL
IGL.NS,IGL
IGPL.NS,IGPL
IIFL.NS,IIFL
IIFLCAPS.NS,IIFLCAPS
IITL.NS,IITL
IKIO.NS,IKIO
IKS.NS,IKS
IL&FSENGG.NS,IL&FSENGG
IL&FSTRANS.NS,IL&FSTRANS
IMAGICAA.NS,IMAGICAA
IMFA.NS,IMFA
IMPAL.NS,IMPAL
IMPEXFERRO.NS,IMPEXFERRO
INCREDIBLE.NS,INCREDIBLE
INDBANK.NS,INDBANK
INDGN.NS,INDGN
INDHOTEL.NS,INDHOTEL
INDIACEM.NS,INDIACEM
INDIAGLYCO.NS,INDIAGLYCO
INDIAMART.NS,INDIAMART
INDIANB.NS,INDIANB
INDIANCARD.NS,INDIANCARD
INDIANHUME.NS,INDIANHUME
INDIASHLTR.NS,INDIASHLTR
INDIGO.NS,INDIGO
INDIGOPNTS.NS,INDIGOPNTS
INDNIPPON.NS,INDNIPPON
INDOAMIN.NS,INDOAMIN
INDOBORAX.NS,INDOBORAX
INDOCO.NS,INDOCO
INDOFARM.NS,INDOFARM
INDORAMA.NS,INDORAMA
INDOSTAR.NS,INDOSTAR
INDOTECH.NS,INDOTECH
INDOTHAI.NS,INDOTHAI
INDOUS.NS,INDOUS
INDOWIND.NS,INDOWIND
INDRAMEDCO.NS,INDRAMEDCO
INDSWFTLAB.NS,INDSWFTLAB
INDSWFTLTD.NS,INDSWFTLTD
INDTERRAIN.NS,INDTERRAIN
INDUSINDBK.NS,INDUSINDBK
INDUSTOWER.NS,INDUSTOWER
INFIBEAM.NS,INFIBEAM
INFOBEAN.NS,INFOBEAN
INFOMEDIA.NS,INFOMEDIA
INFY.NS,INFY
INGERRAND.NS,INGERRAND
INNOVACAP.NS,INNOVACAP
INNOVANA.NS,INNOVANA
INOXGREEN.NS,INOXGREEN
INOXINDIA.NS,INOXINDIA
INOXWIND.NS,INOXWIND
INSECTICID.NS,INSECTICID
INSPIRISYS.NS,INSPIRISYS
INTELLECT.NS,INTELLECT
INTENTECH.NS,INTENTECH
INTERARCH.NS,INTERARCH
INTLCONV.NS,INTLCONV
INVENTURE.NS,INVENTURE
IOB.NS,IOB
IOC.NS,IOC
IOLCP.NS,IOLCP
IONEXCHANG.NS,IONEXCHANG
IPCALAB.NS,IPCALAB
IPL.NS,IPL
IRB.NS,IRB
IRCON.NS,IRCON
IRCTC.NS,IRCTC
IREDA.NS,IREDA
IRFC.NS,IRFC
IRIS.NS,IRIS
IRISDOREME.NS,IRISDOREME
IRMENERGY.NS,IRMENERGY
ISFT.NS,ISFT
ISGEC.NS,ISGEC
ISHANCH.NS,ISHANCH
ITC.NS,ITC
ITCHOTELS.NS,ITCHOTELS
ITDC.NS,ITDC
ITDCEM.NS,ITDCEM
ITI.NS,ITI
IVC.NS,IVC
IVP.NS,IVP
IWEL.NS,IWEL
IXIGO.NS,IXIGO
IZMO.NS,IZMO
J&KBANK.NS,J&KBANK
JAGRAN.NS,JAGRAN
JAGSNPHARM.NS,JAGSNPHARM
JAIBALAJI.NS,JAIBALAJI
JAICORPLTD.NS,JAICORPLTD
JAIPURKURT.NS,JAIPURKURT
JAMNAAUTO.NS,JAMNAAUTO
JASH.NS,JASH
JAYAGROGN.NS,JAYAGROGN
JAYBARMARU.NS,JAYBARMARU
JAYNECOIND.NS,JAYNECOIND
JAYSREETEA.NS,JAYSREETEA
JBCHEPHARM.NS,JBCHEPHARM
JBMA.NS,JBMA
JCHAC.NS,JCHAC
JETFREIGHT.NS,JETFREIGHT
JGCHEM.NS,JGCHEM
JHS.NS,JHS
JINDALPHOT.NS,JINDALPHOT
JINDALPOLY.NS,JINDALPOLY
JINDALSAW.NS,JINDALSAW
JINDALSTEL.NS,JINDALSTEL
JINDRILL.NS,JINDRILL
JINDWORLD.NS,JINDWORLD
JIOFIN.NS,JIOFIN
JISLDVREQS.NS,JISLDVREQS
JISLJALEQS.NS,JISLJALEQS
JITFINFRA.NS,JITFINFRA
JKCEMENT.NS,JKCEMENT
JKIL.NS,JKIL
JKLAKSHMI.NS,JKLAKSHMI
JKPAPER.NS,JKPAPER
JKTYRE.NS,JKTYRE
JLHL.NS,JLHL
JMA.NS,JMA
JMFINANCIL.NS,JMFINANCIL
JNKINDIA.NS,JNKINDIA
JOCIL.NS,JOCIL
JPASSOCIAT.NS,JPASSOCIAT
JPOLYINVST.NS,JPOLYINVST
JPPOWER.NS,JPPOWER
JSFB.NS,JSFB
JSL.NS,JSL
JSWENERGY.NS,JSWENERGY
JSWHL.NS,JSWHL
JSWINFRA.NS,JSWINFRA
JSWSTEEL.NS,JSWSTEEL
JTEKTINDIA.NS,JTEKTINDIA
JTLIND.NS,JTLIND
JUBLCPL.NS,JUBLCPL
JUBLFOOD.NS,JUBLFOOD
JUBLINGREA.NS,JUBLINGREA
JUBLPHARMA.NS,JUBLPHARMA
JUNIPER.NS,JUNIPER
JUSTDIAL.NS,JUSTDIAL
JWL.NS,JWL
JYOTHYLAB.NS,JYOTHYLAB
JYOTICNC.NS,JYOTICNC
JYOTISTRUC.NS,JYOTISTRUC
KABRAEXTRU.NS,KABRAEXTRU
KAJARIACER.NS,KAJARIACER
KAKATCEM.NS,KAKATCEM
KALAMANDIR.NS,KALAMANDIR
KALYANI.NS,KALYANI
KALYANIFRG.NS,KALYANIFRG
KALYANKJIL.NS,KALYANKJIL
KAMATHOTEL.NS,KAMATHOTEL
KAMOPAINTS.NS,KAMOPAINTS
KANANIIND.NS,KANANIIND
KANORICHEM.NS,KANORICHEM
KANPRPLA.NS,KANPRPLA
KANSAINER.NS,KANSAINER
KAPSTON.NS,KAPSTON
KARMAENG.NS,KARMAENG
KARURVYSYA.NS,KARURVYSYA
KAUSHALYA.NS,KAUSHALYA
KAVVERITEL.NS,KAVVERITEL
KAYA.NS,KAYA
KAYNES.NS,KAYNES
KBCGLOBAL.NS,KBCGLOBAL
KCP.NS,KCP
KCPSUGIND.NS,KCPSUGIND
KDDL.NS,KDDL
KEC.NS,KEC
KECL.NS,KECL
KEEPLEARN.NS,KEEPLEARN
KEI.NS,KEI
KELLTONTEC.NS,KELLTONTEC
KERNEX.NS,KERNEX
KESORAMIND.NS,KESORAMIND
KEYFINSERV.NS,KEYFINSERV
KFINTECH.NS,KFINTECH
KHADIM.NS,KHADIM
KHAICHEM.NS,KHAICHEM
KHAITANLTD.NS,KHAITANLTD
KHANDSE.NS,KHANDSE
KICL.NS,KICL
KILITCH.NS,KILITCH
KIMS.NS,KIMS
KINGFA.NS,KINGFA
KIOCL.NS,KIOCL
KIRIINDUS.NS,KIRIINDUS
KIRLOSBROS.NS,KIRLOSBROS
KIRLOSENG.NS,KIRLOSENG
KIRLOSIND.NS,KIRLOSIND
KIRLPNU.NS,KIRLPNU
KITEX.NS,KITEX
KKCL.NS,KKCL
KMEW.NS,KMEW
KMSUGAR.NS,KMSUGAR
KNRCON.NS,KNRCON
KOHINOOR.NS,KOHINOOR
KOKUYOCMLN.NS,KOKUYOCMLN
KOLTEPATIL.NS,KOLTEPATIL
KOPRAN.NS,KOPRAN
KOTAKBANK.NS,KOTAKBANK
KOTARISUG.NS,KOTARISUG
KOTHARIPET.NS,KOTHARIPET
KOTHARIPRO.NS,KOTHARIPRO
KPEL.NS,KPEL
KPIGREEN.NS,KPIGREEN
KPIL.NS,KPIL
KPITTECH.NS,KPITTECH
KPRMILL.NS,KPRMILL
KRBL.NS,KRBL
KREBSBIO.NS,KREBSBIO
KRIDHANINF.NS,KRIDHANINF
KRISHANA.NS,KRISHANA
KRITI.NS,KRITI
KRITIKA.NS,KRITIKA
KRITINUT.NS,KRITINUT
KRN.NS,KRN
KRONOX.NS,KRONOX
KROSS.NS,KROSS
KRSNAA.NS,KRSNAA
KRYSTAL.NS,KRYSTAL
KSB.NS,KSB
KSCL.NS,KSCL
KSHITIJPOL.NS,KSHITIJPOL
KSL.NS,KSL
KSOLVES.NS,KSOLVES
KTKBANK.NS,KTKBANK
KUANTUM.NS,KUANTUM
LAGNAM.NS,LAGNAM
LAKPRE.NS,LAKPRE
LAL.NS,LAL
LALPATHLAB.NS,LALPATHLAB
LAMBODHARA.NS,LAMBODHARA
LANCORHOL.NS,LANCORHOL
LANDMARK.NS,LANDMARK
LAOPALA.NS,LAOPALA
LASA.NS,LASA
LATENTVIEW.NS,LATENTVIEW
LATTEYS.NS,LATTEYS
LAURUSLABS.NS,LAURUSLABS
LAXMICOT.NS,LAXMICOT
LAXMIDENTL.NS,LAXMIDENTL
LCCINFOTEC.NS,LCCINFOTEC
LEMONTREE.NS,LEMONTREE
LEXUS.NS,LEXUS
LFIC.NS,LFIC
LGBBROSLTD.NS,LGBBROSLTD
LGHL.NS,LGHL
LIBAS.NS,LIBAS
LIBERTSHOE.NS,LIBERTSHOE
LICHSGFIN.NS,LICHSGFIN
LICI.NS,LICI
LIKHITHA.NS,LIKHITHA
LINC.NS,LINC
LINCOLN.NS,LINCOLN
LINDEINDIA.NS,LINDEINDIA
LLOYDSENGG.NS,LLOYDSENGG
LLOYDSENT.NS,LLOYDSENT
LLOYDSME.NS,LLOYDSME
LMW.NS,LMW
LODHA.NS,LODHA
LOKESHMACH.NS,LOKESHMACH
LORDSCHLO.NS,LORDSCHLO
LOTUSEYE.NS,LOTUSEYE
LOVABLE.NS,LOVABLE
LOYALTEX.NS,LOYALTEX
LPDC.NS,LPDC
LT.NS,LT
LTF.NS,LTF
LTFOODS.NS,LTFOODS
LTIM.NS,LTIM
LTTS.NS,LTTS
LUMAXIND.NS,LUMAXIND
LUMAXTECH.NS,LUMAXTECH
LUPIN.NS,LUPIN
LUXIND.NS,LUXIND
LXCHEM.NS,LXCHEM
LYKALABS.NS,LYKALABS
LYPSAGEMS.NS,LYPSAGEMS
M&M.NS,M&M
M&MFIN.NS,M&MFIN
MAANALU.NS,MAANALU
MACPOWER.NS,MACPOWER
MADHAV.NS,MADHAV
MADHUCON.NS,MADHUCON
MADRASFERT.NS,MADRASFERT
MAGADSUGAR.NS,MAGADSUGAR
MAGNUM.NS,MAGNUM
MAHABANK.NS,MAHABANK
MAHAPEXLTD.NS,MAHAPEXLTD
MAHASTEEL.NS,MAHASTEEL
MAHEPC.NS,MAHEPC
MAHESHWARI.NS,MAHESHWARI
MAHLIFE.NS,MAHLIFE
MAHLOG.NS,MAHLOG
MAHSCOOTER.NS,MAHSCOOTER
MAHSEAMLES.NS,MAHSEAMLES
MAITHANALL.NS,MAITHANALL
MALLCOM.NS,MALLCOM
MALUPAPER.NS,MALUPAPER
MAMATA.NS,MAMATA
MANAKALUCO.NS,MANAKALUCO
MANAKCOAT.NS,MANAKCOAT
MANAKSIA.NS,MANAKSIA
MANAKSTEEL.NS,MANAKSTEEL
MANALIPETC.NS,MANALIPETC
MANAPPURAM.NS,MANAPPURAM
MANBA.NS,MANBA
MANCREDIT.NS,MANCREDIT
MANGALAM.NS,MANGALAM
MANGCHEFER.NS,MANGCHEFER
MANGLMCEM.NS,MANGLMCEM
MANINDS.NS,MANINDS
MANINFRA.NS,MANINFRA
MANKIND.NS,MANKIND
MANOMAY.NS,MANOMAY
MANORAMA.NS,MANORAMA
MANORG.NS,MANORG
MANUGRAPH.NS,MANUGRAPH
MANYAVAR.NS,MANYAVAR
MAPMYINDIA.NS,MAPMYINDIA
MARALOVER.NS,MARALOVER
MARATHON.NS,MARATHON
MARICO.NS,MARICO
MARINE.NS,MARINE
MARKSANS.NS,MARKSANS
MARSHALL.NS,MARSHALL
MARUTI.NS,MARUTI
MASFIN.NS,MASFIN
MASKINVEST.NS,MASKINVEST
MASTEK.NS,MASTEK
MASTERTR.NS,MASTERTR
MATRIMONY.NS,MATRIMONY
MAWANASUG.NS,MAWANASUG
MAXESTATES.NS,MAXESTATES
MAXHEALTH.NS,MAXHEALTH
MAXIND.NS,MAXIND
MAYURUNIQ.NS,MAYURUNIQ
MAZDA.NS,MAZDA
MAZDOCK.NS,MAZDOCK
MBAPL.NS,MBAPL
MBLINFRA.NS,MBLINFRA
MCL.NS,MCL
MCLEODRUSS.NS,MCLEODRUSS
MCLOUD.NS,MCLOUD
MCX.NS,MCX
MEDANTA.NS,MEDANTA
MEDIASSIST.NS,MEDIASSIST
MEDICAMEQ.NS,MEDICAMEQ
MEDICO.NS,MEDICO
MEDPLUS.NS,MEDPLUS
MEGASOFT.NS,MEGASOFT
MEGASTAR.NS,MEGASTAR
MENONBE.NS,MENONBE
MEP.NS,MEP
METROBRAND.NS,METROBRAND
METROPOLIS.NS,METROPOLIS
MFML.NS,MFML
MFSL.NS,MFSL
MGEL.NS,MGEL
MGL.NS,MGL
MHLXMIRU.NS,MHLXMIRU
MHRIL.NS,MHRIL
MICEL.NS,MICEL
MIDHANI.NS,MIDHANI
MINDACORP.NS,MINDACORP
MINDTECK.NS,MINDTECK
MIRCELECTR.NS,MIRCELECTR
MIRZAINT.NS,MIRZAINT
MITCON.NS,MITCON
MITTAL.NS,MITTAL
MKPL.NS,MKPL
MMFL.NS,MMFL
MMP.NS,MMP
MMTC.NS,MMTC
MOBIKWIK.NS,MOBIKWIK
MODIRUBBER.NS,MODIRUBBER
MODISONLTD.NS,MODISONLTD
MODTHREAD.NS,MODTHREAD
MOHITIND.NS,MOHITIND
MOIL.NS,MOIL
MOKSH.NS,MOKSH
MOL.NS,MOL
MOLDTECH.NS,MOLDTECH
MOLDTKPAC.NS,MOLDTKPAC
MONARCH.NS,MONARCH
MONTECARLO.NS,MONTECARLO
MORARJEE.NS,MORARJEE
MOREPENLAB.NS,MOREPENLAB
MOSCHIP.NS,MOSCHIP
MOTHERSON.NS,MOTHERSON
MOTILALOFS.NS,MOTILALOFS
MOTISONS.NS,MOTISONS
MOTOGENFIN.NS,MOTOGENFIN
MPHASIS.NS,MPHASIS
MPSLTD.NS,MPSLTD
MRF.NS,MRF
MRO-TEK.NS,MRO-TEK
MRPL.NS,MRPL
MSPL.NS,MSPL
MSTCLTD.NS,MSTCLTD
MSUMI.NS,MSUMI
MTARTECH.NS,MTARTECH
MTEDUCARE.NS,MTEDUCARE
MTNL.NS,MTNL
MUFIN.NS,MUFIN
MUFTI.NS,MUFTI
MUKANDLTD.NS,MUKANDLTD
MUKKA.NS,MUKKA
MUKTAARTS.NS,MUKTAARTS
MUNJALAU.NS,MUNJALAU
MUNJALSHOW.NS,MUNJALSHOW
MURUDCERA.NS,MURUDCERA
MUTHOOTCAP.NS,MUTHOOTCAP
MUTHOOTFIN.NS,MUTHOOTFIN
MUTHOOTMF.NS,MUTHOOTMF
MVGJL.NS,MVGJL
NACLIND.NS,NACLIND
NAGAFERT.NS,NAGAFERT
NAGREEKCAP.NS,NAGREEKCAP
NAGREEKEXP.NS,NAGREEKEXP
NAHARCAP.NS,NAHARCAP
NAHARINDUS.NS,NAHARINDUS
NAHARPOLY.NS,NAHARPOLY
NAHARSPING.NS,NAHARSPING
NAM-INDIA.NS,NAM-INDIA
NARMADA.NS,NARMADA
NATCAPSUQ.NS,NATCAPSUQ
NATCOPHARM.NS,NATCOPHARM
NATHBIOGEN.NS,NATHBIOGEN
NATIONALUM.NS,NATIONALUM
NAUKRI.NS,NAUKRI
NAVA.NS,NAVA
NAVINFLUOR.NS,NAVINFLUOR
NAVKARCORP.NS,NAVKARCORP
NAVKARURB.NS,NAVKARURB
NAVNETEDUL.NS,NAVNETEDUL
NAZARA.NS,NAZARA
NBCC.NS,NBCC
NBIFIN.NS,NBIFIN
NCC.NS,NCC
NCLIND.NS,NCLIND
NDGL.NS,NDGL
NDL.NS,NDL
NDLVENTURE.NS,NDLVENTURE
NDRAUTO.NS,NDRAUTO
NDTV.NS,NDTV
NECCLTD.NS,NECCLTD
NECLIFE.NS,NECLIFE
NELCAST.NS,NELCAST
NELCO.NS,NELCO
NEOGEN.NS,NEOGEN
NESCO.NS,NESCO
NESTLEIND.NS,NESTLEIND
NETWEB.NS,NETWEB
NETWORK18.NS,NETWORK18
NEULANDLAB.NS,NEULANDLAB
NEWGEN.NS,NEWGEN
NEXTMEDIA.NS,NEXTMEDIA
NFL.NS,NFL
NGIL.NS,NGIL
NGLFINE.NS,NGLFINE
NH.NS,NH
NHPC.NS,NHPC
NIACL.NS,NIACL
NIBE.NS,NIBE
NIBL.NS,NIBL
NIITLTD.NS,NIITLTD
NIITMTS.NS,NIITMTS
NILAINFRA.NS,NILAINFRA
NILASPACES.NS,NILASPACES
NILKAMAL.NS,NILKAMAL
NINSYS.NS,NINSYS
NIPPOBATRY.NS,NIPPOBATRY
NIRAJ.NS,NIRAJ
NIRAJISPAT.NS,NIRAJISPAT
NITCO.NS,NITCO
NITINSPIN.NS,NITINSPIN
NITIRAJ.NS,NITIRAJ
NIVABUPA.NS,NIVABUPA
NKIND.NS,NKIND
NLCINDIA.NS,NLCINDIA
NMDC.NS,NMDC
NOCIL.NS,NOCIL
NOIDATOLL.NS,NOIDATOLL
NORBTEAEXP.NS,NORBTEAEXP
NORTHARC.NS,NORTHARC
NOVAAGRI.NS,NOVAAGRI
NRAIL.NS,NRAIL
NRBBEARING.NS,NRBBEARING
NRL.NS,NRL
NSIL.NS,NSIL
NSLNISP.NS,NSLNISP
NTPC.NS,NTPC
NTPCGREEN.NS,NTPCGREEN
NUCLEUS.NS,NUCLEUS
NURECA.NS,NURECA
NUVAMA.NS,NUVAMA
NUVOCO.NS,NUVOCO
NYKAA.NS,NYKAA
OAL.NS,OAL
OBCL.NS,OBCL
OBEROIRLTY.NS,OBEROIRLTY
OCCL.NS,OCCL
OCCLLTD.NS,OCCLLTD
ODIGMA.NS,ODIGMA
OFSS.NS,OFSS
OIL.NS,OIL
OILCOUNTUB.NS,OILCOUNTUB
OLAELEC.NS,OLAELEC
OLECTRA.NS,OLECTRA
OMAXAUTO.NS,OMAXAUTO
OMAXE.NS,OMAXE
OMINFRAL.NS,OMINFRAL
OMKARCHEM.NS,OMKARCHEM
ONELIFECAP.NS,ONELIFECAP
ONEPOINT.NS,ONEPOINT
ONESOURCE.NS,ONESOURCE
ONGC.NS,ONGC
ONMOBILE.NS,ONMOBILE
ONWARDTEC.NS,ONWARDTEC
OPTIEMUS.NS,OPTIEMUS
ORBTEXP.NS,ORBTEXP
ORCHASP.NS,ORCHASP
ORCHPHARMA.NS,ORCHPHARMA
ORICONENT.NS,ORICONENT
ORIENTALTL.NS,ORIENTALTL
ORIENTBELL.NS,ORIENTBELL
ORIENTCEM.NS,ORIENTCEM
ORIENTCER.NS,ORIENTCER
ORIENTELEC.NS,ORIENTELEC
ORIENTHOT.NS,ORIENTHOT
ORIENTLTD.NS,ORIENTLTD
ORIENTPPR.NS,ORIENTPPR
ORIENTTECH.NS,ORIENTTECH
ORISSAMINE.NS,ORISSAMINE
ORTINGLOBE.NS,ORTINGLOBE
OSIAHYPER.NS,OSIAHYPER
OSWALAGRO.NS,OSWALAGRO
OSWALGREEN.NS,OSWALGREEN
OSWALSEEDS.NS,OSWALSEEDS
PAGEIND.NS,PAGEIND
PAISALO.NS,PAISALO
PAKKA.NS,PAKKA
PALASHSECU.NS,PALASHSECU
PALREDTEC.NS,PALREDTEC
PANACEABIO.NS,PANACEABIO
PANACHE.NS,PANACHE
PANAMAPET.NS,PANAMAPET
PANSARI.NS,PANSARI
PAR.NS,PAR
PARACABLES.NS,PARACABLES
PARADEEP.NS,PARADEEP
PARAGMILK.NS,PARAGMILK
PARAS.NS,PARAS
PARASPETRO.NS,PARASPETRO
PARKHOTELS.NS,PARKHOTELS
PARSVNATH.NS,PARSVNATH
PASUPTAC.NS,PASUPTAC
PATANJALI.NS,PATANJALI
PATELENG.NS,PATELENG
PAVNAIND.NS,PAVNAIND
PAYTM.NS,PAYTM
PCBL.NS,PCBL
PCJEWELLER.NS,PCJEWELLER
PDMJEPAPER.NS,PDMJEPAPER
PDSL.NS,PDSL
PEARLPOLY.NS,PEARLPOLY
PEL.NS,PEL
PENIND.NS,PENIND
PENINLAND.NS,PENINLAND
PERSISTENT.NS,PERSISTENT
PETRONET.NS,PETRONET
PFC.NS,PFC
PFIZER.NS,PFIZER
PFOCUS.NS,PFOCUS
PFS.NS,PFS
PGEL.NS,PGEL
PGHH.NS,PGHH
PGHL.NS,PGHL
PGIL.NS,PGIL
PHOENIXLTD.NS,PHOENIXLTD
PIDILITIND.NS,PIDILITIND
PIGL.NS,PIGL
PIIND.NS,PIIND
PILANIINVS.NS,PILANIINVS
PILITA.NS,PILITA
PIONEEREMB.NS,PIONEEREMB
PITTIENG.NS,PITTIENG
PIXTRANS.NS,PIXTRANS
PKTEA.NS,PKTEA
PLASTIBLEN.NS,PLASTIBLEN
PLATIND.NS,PLATIND
PLAZACABLE.NS,PLAZACABLE
PNB.NS,PNB
PNBGILTS.NS,PNBGILTS
PNBHOUSING.NS,PNBHOUSING
PNC.NS,PNC
PNCINFRA.NS,PNCINFRA
PNGJL.NS,PNGJL
POCL.NS,POCL
PODDARMENT.NS,PODDARMENT
POKARNA.NS,POKARNA
POLICYBZR.NS,POLICYBZR
POLYCAB.NS,POLYCAB
POLYMED.NS,POLYMED
POLYPLEX.NS,POLYPLEX
PONNIERODE.NS,PONNIERODE
POONAWALLA.NS,POONAWALLA
POWERGRID.NS,POWERGRID
POWERINDIA.NS,POWERINDIA
POWERMECH.NS,POWERMECH
PPAP.NS,PPAP
PPL.NS,PPL
PPLPHARMA.NS,PPLPHARMA
PRABHA.NS,PRABHA
PRAENG.NS,PRAENG
PRAJIND.NS,PRAJIND
PRAKASH.NS,PRAKASH
PRAKASHSTL.NS,PRAKASHSTL
PRAXIS.NS,PRAXIS
PRECAM.NS,PRECAM
PRECOT.NS,PRECOT
PRECWIRE.NS,PRECWIRE
PREMEXPLN.NS,PREMEXPLN
PREMIER.NS,PREMIER
PREMIERENE.NS,PREMIERENE
PREMIERPOL.NS,PREMIERPOL
PRESTIGE.NS,PRESTIGE
PRICOLLTD.NS,PRICOLLTD
PRIMESECU.NS,PRIMESECU
PRINCEPIPE.NS,PRINCEPIPE
PRITI.NS,PRITI
PRITIKAUTO.NS,PRITIKAUTO
PRIVISCL.NS,PRIVISCL
PROTEAN.NS,PROTEAN
PROZONER.NS,PROZONER
PRSMJOHNSN.NS,PRSMJOHNSN
PRUDENT.NS,PRUDENT
PRUDMOULI.NS,PRUDMOULI
PSB.NS,PSB
PSPPROJECT.NS,PSPPROJECT
PTC.NS,PTC
PTCIL.NS,PTCIL
PTL.NS,PTL
PUNJABCHEM.NS,PUNJABCHEM
PURVA.NS,PURVA
PVP.NS,PVP
PVRINOX.NS,PVRINOX
PVSL.NS,PVSL
PYRAMID.NS,PYRAMID
QPOWER.NS,QPOWER
QUADFUTURE.NS,QUADFUTURE
QUESS.NS,QUESS
QUICKHEAL.NS,QUICKHEAL
RACE.NS,RACE
RACLGEAR.NS,RACLGEAR
RADAAN.NS,RADAAN
RADHIKAJWE.NS,RADHIKAJWE
RADIANTCMS.NS,RADIANTCMS
RADICO.NS,RADICO
RADIOCITY.NS,RADIOCITY
RAILTEL.NS,RAILTEL
RAIN.NS,RAIN
RAINBOW.NS,RAINBOW
RAJESHEXPO.NS,RAJESHEXPO
RAJMET.NS,RAJMET
RAJRATAN.NS,RAJRATAN
RAJRILTD.NS,RAJRILTD
RAJSREESUG.NS,RAJSREESUG
RAJTV.NS,RAJTV
RALLIS.NS,RALLIS
RAMANEWS.NS,RAMANEWS
RAMAPHO.NS,RAMAPHO
RAMASTEEL.NS,RAMASTEEL
RAMCOCEM.NS,RAMCOCEM
RAMCOIND.NS,RAMCOIND
RAMCOSYS.NS,RAMCOSYS
RAMKY.NS,RAMKY
RAMRAT.NS,RAMRAT
RANASUG.NS,RANASUG
RANEENGINE.NS,RANEENGINE
RANEHOLDIN.NS,RANEHOLDIN
RATEGAIN.NS,RATEGAIN
RATNAMANI.NS,RATNAMANI
RATNAVEER.NS,RATNAVEER
RAYMOND.NS,RAYMOND
RAYMONDLSL.NS,RAYMONDLSL
RBA.NS,RBA
RBL.NS,RBL
RBLBANK.NS,RBLBANK
RBZJEWEL.NS,RBZJEWEL
RCF.NS,RCF
RECLTD.NS,RECLTD
REDINGTON.NS,REDINGTON
REDTAPE.NS,REDTAPE
REFEX.NS,REFEX
REGENCERAM.NS,REGENCERAM
RELAXO.NS,RELAXO
RELCHEMQ.NS,RELCHEMQ
RELIABLE.NS,RELIABLE
RELIANCE.NS,RELIANCE
RELIGARE.NS,RELIGARE
RELINFRA.NS,RELINFRA
RELTD.NS,RELTD
REMSONSIND.NS,REMSONSIND
RENUKA.NS,RENUKA
REPCOHOME.NS,REPCOHOME
REPL.NS,REPL
REPRO.NS,REPRO
RESPONIND.NS,RESPONIND
RETAIL.NS,RETAIL
RGL.NS,RGL
RHFL.NS,RHFL
RHIM.NS,RHIM
RHL.NS,RHL
RICOAUTO.NS,RICOAUTO
RIIL.NS,RIIL
RISHABH.NS,RISHABH
RITCO.NS,RITCO
RITES.NS,RITES
RKDL.NS,RKDL
RKEC.NS,RKEC
RKFORGE.NS,RKFORGE
RKSWAMY.NS,RKSWAMY
RML.NS,RML
ROHLTD.NS,ROHLTD
ROLEXRINGS.NS,ROLEXRINGS
ROLLT.NS,ROLLT
ROLTA.NS,ROLTA
ROML.NS,ROML
ROSSARI.NS,ROSSARI
ROSSELLIND.NS,ROSSELLIND
ROSSTECH.NS,ROSSTECH
ROTO.NS,ROTO
ROUTE.NS,ROUTE
RPEL.NS,RPEL
RPGLIFE.NS,RPGLIFE
RPOWER.NS,RPOWER
RPPINFRA.NS,RPPINFRA
RPPL.NS,RPPL
RPSGVENT.NS,RPSGVENT
RPTECH.NS,RPTECH
RRKABEL.NS,RRKABEL
RSSOFTWARE.NS,RSSOFTWARE
RSWM.NS,RSWM
RSYSTEMS.NS,RSYSTEMS
RTNINDIA.NS,RTNINDIA
RTNPOWER.NS,RTNPOWER
RUBFILA.NS,RUBFILA
RUBYMILLS.NS,RUBYMILLS
RUCHINFRA.NS,RUCHINFRA
RUCHIRA.NS,RUCHIRA
RUPA.NS,RUPA
RUSHIL.NS,RUSHIL
RUSTOMJEE.NS,RUSTOMJEE
RVHL.NS,RVHL
RVNL.NS,RVNL
RVTH.NS,RVTH
S&SPOWER.NS,S&SPOWER
SABEVENTS.NS,SABEVENTS
SABTNL.NS,SABTNL
SADBHAV.NS,SADBHAV
SADBHIN.NS,SADBHIN
SADHNANIQ.NS,SADHNANIQ
SAFARI.NS,SAFARI
SAGARDEEP.NS,SAGARDEEP
SAGCEM.NS,SAGCEM
SAGILITY.NS,SAGILITY
SAH.NS,SAH
SAHYADRI.NS,SAHYADRI
SAIL.NS,SAIL
SAILIFE.NS,SAILIFE
SAKAR.NS,SAKAR
SAKHTISUG.NS,SAKHTISUG
SAKSOFT.NS,SAKSOFT
SAKUMA.NS,SAKUMA
SALASAR.NS,SALASAR
SALONA.NS,SALONA
SALSTEEL.NS,SALSTEEL
SALZERELEC.NS,SALZERELEC
SAMBHAAV.NS,SAMBHAAV
SAMHI.NS,SAMHI
SAMMAANCAP.NS,SAMMAANCAP
SAMPANN.NS,SAMPANN
SANATHAN.NS,SANATHAN
SANCO.NS,SANCO
SANDESH.NS,SANDESH
SANDHAR.NS,SANDHAR
SANDUMA.NS,SANDUMA
SANGAMIND.NS,SANGAMIND
SANGHIIND.NS,SANGHIIND
SANGHVIMOV.NS,SANGHVIMOV
SANGINITA.NS,SANGINITA
SANOFI.NS,SANOFI
SANOFICONR.NS,SANOFICONR
SANSERA.NS,SANSERA
SANSTAR.NS,SANSTAR
SANWARIA.NS,SANWARIA
SAPPHIRE.NS,SAPPHIRE
SARDAEN.NS,SARDAEN
SAREGAMA.NS,SAREGAMA
SARLAPOLY.NS,SARLAPOLY
SARVESHWAR.NS,SARVESHWAR
SASKEN.NS,SASKEN
SASTASUNDR.NS,SASTASUNDR
SATIA.NS,SATIA
SATIN.NS,SATIN
SATINDLTD.NS,SATINDLTD
SAURASHCEM.NS,SAURASHCEM
SBC.NS,SBC
SBCL.NS,SBCL
SBFC.NS,SBFC
SBGLP.NS,SBGLP
SBICARD.NS,SBICARD
SBILIFE.NS,SBILIFE
SBIN.NS,SBIN
SCHAEFFLER.NS,SCHAEFFLER
SCHAND.NS,SCHAND
SCHNEIDER.NS,SCHNEIDER
SCI.NS,SCI
SCILAL.NS,SCILAL
SCPL.NS,SCPL
SDBL.NS,SDBL
SEAMECLTD.NS,SEAMECLTD
SECMARK.NS,SECMARK
SECURKLOUD.NS,SECURKLOUD
SEJALLTD.NS,SEJALLTD
SELAN.NS,SELAN
SELMC.NS,SELMC
SEMAC.NS,SEMAC
SENCO.NS,SENCO
SENORES.NS,SENORES
SEPC.NS,SEPC
SEQUENT.NS,SEQUENT
SERVOTECH.NS,SERVOTECH
SESHAPAPER.NS,SESHAPAPER
SETCO.NS,SETCO
SETUINFRA.NS,SETUINFRA
SEYAIND.NS,SEYAIND
SFL.NS,SFL
SGIL.NS,SGIL
SGL.NS,SGL
SGLTL.NS,SGLTL
SHAH.NS,SHAH
SHAHALLOYS.NS,SHAHALLOYS
SHAILY.NS,SHAILY
SHAKTIPUMP.NS,SHAKTIPUMP
SHALBY.NS,SHALBY
SHALPAINTS.NS,SHALPAINTS
SHANKARA.NS,SHANKARA
SHANTI.NS,SHANTI
SHANTIGEAR.NS,SHANTIGEAR
SHARDACROP.NS,SHARDACROP
SHARDAMOTR.NS,SHARDAMOTR
SHAREINDIA.NS,SHAREINDIA
SHEKHAWATI.NS,SHEKHAWATI
SHEMAROO.NS,SHEMAROO
SHILPAMED.NS,SHILPAMED
SHIVALIK.NS,SHIVALIK
SHIVAMAUTO.NS,SHIVAMAUTO
SHIVAMILLS.NS,SHIVAMILLS
SHIVATEX.NS,SHIVATEX
SHK.NS,SHK
SHOPERSTOP.NS,SHOPERSTOP
SHRADHA.NS,SHRADHA
SHREDIGCEM.NS,SHREDIGCEM
SHREECEM.NS,SHREECEM
SHREEPUSHK.NS,SHREEPUSHK
SHREERAMA.NS,SHREERAMA
SHRENIK.NS,SHRENIK
SHREYANIND.NS,SHREYANIND
SHRIPISTON.NS,SHRIPISTON
SHRIRAMFIN.NS,SHRIRAMFIN
SHRIRAMPPS.NS,SHRIRAMPPS
SHYAMCENT.NS,SHYAMCENT
SHYAMMETL.NS,SHYAMMETL
SHYAMTEL.NS,SHYAMTEL
SICALLOG.NS,SICALLOG
SIEMENS.NS,SIEMENS
SIGACHI.NS,SIGACHI
SIGIND.NS,SIGIND
SIGMA.NS,SIGMA
SIGNATURE.NS,SIGNATURE
SIGNPOST.NS,SIGNPOST
SIKKO.NS,SIKKO
SIL.NS,SIL
SILGO.NS,SILGO
SILINV.NS,SILINV
SILLYMONKS.NS,SILLYMONKS
SILVERTUC.NS,SILVERTUC
SIMBHALS.NS,SIMBHALS
SIMPLEXINF.NS,SIMPLEXINF
SINCLAIR.NS,SINCLAIR
SINDHUTRAD.NS,SINDHUTRAD
SINTERCOM.NS,SINTERCOM
SIRCA.NS,SIRCA
SIS.NS,SIS
SITINET.NS,SITINET
SIYSIL.NS,SIYSIL
SJS.NS,SJS
SJVN.NS,SJVN
SKFINDIA.NS,SKFINDIA
SKIPPER.NS,SKIPPER
SKMEGGPROD.NS,SKMEGGPROD
SKYGOLD.NS,SKYGOLD
SMARTLINK.NS,SMARTLINK
SMCGLOBAL.NS,SMCGLOBAL
SMLISUZU.NS,SMLISUZU
SMLT.NS,SMLT
SMSLIFE.NS,SMSLIFE
SMSPHARMA.NS,SMSPHARMA
SNOWMAN.NS,SNOWMAN
SOBHA.NS,SOBHA
SOFTTECH.NS,SOFTTECH
SOLARA.NS,SOLARA
SOLARINDS.NS,SOLARINDS
SOMANYCERA.NS,SOMANYCERA
SOMATEX.NS,SOMATEX
SOMICONVEY.NS,SOMICONVEY
SONACOMS.NS,SONACOMS
SONAMLTD.NS,SONAMLTD
SONATSOFTW.NS,SONATSOFTW
SOTL.NS,SOTL
SOUTHBANK.NS,SOUTHBANK
SOUTHWEST.NS,SOUTHWEST
SPAL.NS,SPAL
SPANDANA.NS,SPANDANA
SPARC.NS,SPARC
SPCENET.NS,SPCENET
SPECIALITY.NS,SPECIALITY
SPENCERS.NS,SPENCERS
SPIC.NS,SPIC
SPLIL.NS,SPLIL
SPLPETRO.NS,SPLPETRO
SPMLINFRA.NS,SPMLINFRA
SPORTKING.NS,SPORTKING
SRD.NS,SRD
SREEL.NS,SREEL
SRF.NS,SRF
SRGHFL.NS,SRGHFL
SRHHYPOLTD.NS,SRHHYPOLTD
SRM.NS,SRM
SRPL.NS,SRPL
SSDL.NS,SSDL
SSWL.NS,SSWL
STALLION.NS,STALLION
STANLEY.NS,STANLEY
STAR.NS,STAR
STARCEMENT.NS,STARCEMENT
STARHEALTH.NS,STARHEALTH
STARPAPER.NS,STARPAPER
STARTECK.NS,STARTECK
STCINDIA.NS,STCINDIA
STEELCAS.NS,STEELCAS
STEELCITY.NS,STEELCITY
STEELXIND.NS,STEELXIND
STEL.NS,STEL
STERTOOLS.NS,STERTOOLS
STLTECH.NS,STLTECH
STOVEKRAFT.NS,STOVEKRAFT
STYLAMIND.NS,STYLAMIND
STYLEBAAZA.NS,STYLEBAAZA
STYRENIX.NS,STYRENIX
SUBEXLTD.NS,SUBEXLTD
SUBROS.NS,SUBROS
SUDARSCHEM.NS,SUDARSCHEM
SUKHJITS.NS,SUKHJITS
SULA.NS,SULA
SUMICHEM.NS,SUMICHEM
SUMIT.NS,SUMIT
SUMMITSEC.NS,SUMMITSEC
SUNCLAY.NS,SUNCLAY
SUNDARAM.NS,SUNDARAM
SUNDARMFIN.NS,SUNDARMFIN
SUNDARMHLD.NS,SUNDARMHLD
SUNDRMBRAK.NS,SUNDRMBRAK
SUNDRMFAST.NS,SUNDRMFAST
SUNFLAG.NS,SUNFLAG
SUNPHARMA.NS,SUNPHARMA
SUNTECK.NS,SUNTECK
SUNTV.NS,SUNTV
SUPERHOUSE.NS,SUPERHOUSE
SUPERSPIN.NS,SUPERSPIN
SUPRAJIT.NS,SUPRAJIT
SUPREME.NS,SUPREME
SUPREMEENG.NS,SUPREMEENG
SUPREMEIND.NS,SUPREMEIND
SUPREMEINF.NS,SUPREMEINF
SUPRIYA.NS,SUPRIYA
SURAJEST.NS,SURAJEST
SURAJLTD.NS,SURAJLTD
SURAKSHA.NS,SURAKSHA
SURANASOL.NS,SURANASOL
SURANAT&P.NS,SURANAT&P
SURYALAXMI.NS,SURYALAXMI
SURYAROSNI.NS,SURYAROSNI
SURYODAY.NS,SURYODAY
SUTLEJTEX.NS,SUTLEJTEX
SUULD.NS,SUULD
SUVEN.NS,SUVEN
SUVENPHAR.NS,SUVENPHAR
SUVIDHAA.NS,SUVIDHAA
SUYOG.NS,SUYOG
SUZLON.NS,SUZLON
SVLL.NS,SVLL
SVPGLOB.NS,SVPGLOB
SWANENERGY.NS,SWANENERGY
SWARAJENG.NS,SWARAJENG
SWELECTES.NS,SWELECTES
SWIGGY.NS,SWIGGY
SWSOLAR.NS,SWSOLAR
SYMPHONY.NS,SYMPHONY
SYNCOMF.NS,SYNCOMF
SYNGENE.NS,SYNGENE
SYRMA.NS,SYRMA
TAINWALCHM.NS,TAINWALCHM
TAJGVK.NS,TAJGVK
TAKE.NS,TAKE
TALBROAUTO.NS,TALBROAUTO
TANLA.NS,TANLA
TARACHAND.NS,TARACHAND
TARAPUR.NS,TARAPUR
TARC.NS,TARC
TARIL.NS,TARIL
TARMAT.NS,TARMAT
TARSONS.NS,TARSONS
TASTYBITE.NS,TASTYBITE
TATACHEM.NS,TATACHEM
TATACOMM.NS,TATACOMM
TATACONSUM.NS,TATACONSUM
TATAELXSI.NS,TATAELXSI
TATAINVEST.NS,TATAINVEST
TATAMOTORS.NS,TATAMOTORS
TATAPOWER.NS,TATAPOWER
TATASTEEL.NS,TATASTEEL
TATATECH.NS,TATATECH
TATVA.NS,TATVA
TBOTEK.NS,TBOTEK
TBZ.NS,TBZ
TCI.NS,TCI
TCIEXP.NS,TCIEXP
TCIFINANCE.NS,TCIFINANCE
TCPLPACK.NS,TCPLPACK
TCS.NS,TCS
TDPOWERSYS.NS,TDPOWERSYS
TEAMLEASE.NS,TEAMLEASE
TECHM.NS,TECHM
TECHNOE.NS,TECHNOE
TECILCHEM.NS,TECILCHEM
TEGA.NS,TEGA
TEJASNET.NS,TEJASNET
TEMBO.NS,TEMBO
TERASOFT.NS,TERASOFT
TEXINFRA.NS,TEXINFRA
TEXMOPIPES.NS,TEXMOPIPES
TEXRAIL.NS,TEXRAIL
TFCILTD.NS,TFCILTD
TFL.NS,TFL
TGBHOTELS.NS,TGBHOTELS
THANGAMAYL.NS,THANGAMAYL
THEINVEST.NS,THEINVEST
THEJO.NS,THEJO
THEMISMED.NS,THEMISMED
THERMAX.NS,THERMAX
THOMASCOOK.NS,THOMASCOOK
THOMASCOTT.NS,THOMASCOTT
THYROCARE.NS,THYROCARE
TI.NS,TI
TICL.NS,TICL
TIIL.NS,TIIL
TIINDIA.NS,TIINDIA
TIJARIA.NS,TIJARIA
TIL.NS,TIL
TIMESGTY.NS,TIMESGTY
TIMETECHNO.NS,TIMETECHNO
TIMKEN.NS,TIMKEN
TIPSFILMS.NS,TIPSFILMS
TIPSMUSIC.NS,TIPSMUSIC
TIRUMALCHM.NS,TIRUMALCHM
TIRUPATIFL.NS,TIRUPATIFL
TITAGARH.NS,TITAGARH
TITAN.NS,TITAN
TMB.NS,TMB
TNPETRO.NS,TNPETRO
TNPL.NS,TNPL
TNTELE.NS,TNTELE
TOKYOPLAST.NS,TOKYOPLAST
TOLINS.NS,TOLINS
TORNTPHARM.NS,TORNTPHARM
TORNTPOWER.NS,TORNTPOWER
TOTAL.NS,TOTAL
TOUCHWOOD.NS,TOUCHWOOD
TPHQ.NS,TPHQ
TPLPLASTEH.NS,TPLPLASTEH
TRACXN.NS,TRACXN
TRANSRAILL.NS,TRANSRAILL
TRANSWORLD.NS,TRANSWORLD
TREEHOUSE.NS,TREEHOUSE
TREJHARA.NS,TREJHARA
TREL.NS,TREL
TRENT.NS,TRENT
TRF.NS,TRF
TRIDENT.NS,TRIDENT
TRIGYN.NS,TRIGYN
TRITURBINE.NS,TRITURBINE
TRIVENI.NS,TRIVENI
TRU.NS,TRU
TTKHLTCARE.NS,TTKHLTCARE
TTKPRESTIG.NS,TTKPRESTIG
TTL.NS,TTL
TTML.NS,TTML
TVSELECT.NS,TVSELECT
TVSHLTD.NS,TVSHLTD
TVSMOTOR.NS,TVSMOTOR
TVSSCS.NS,TVSSCS
TVSSRICHAK.NS,TVSSRICHAK
TVTODAY.NS,TVTODAY
TVVISION.NS,TVVISION
UBL.NS,UBL
UCAL.NS,UCAL
UCOBANK.NS,UCOBANK
UDAICEMENT.NS,UDAICEMENT
UDS.NS,UDS
UFLEX.NS,UFLEX
UFO.NS,UFO
UGARSUGAR.NS,UGARSUGAR
UGROCAP.NS,UGROCAP
UJJIVANSFB.NS,UJJIVANSFB
ULTRACEMCO.NS,ULTRACEMCO
UMAEXPORTS.NS,UMAEXPORTS
UMANGDAIRY.NS,UMANGDAIRY
UMESLTD.NS,UMESLTD
UNICHEMLAB.NS,UNICHEMLAB
UNIDT.NS,UNIDT
UNIECOM.NS,UNIECOM
UNIENTER.NS,UNIENTER
UNIINFO.NS,UNIINFO
UNIMECH.NS,UNIMECH
UNIONBANK.NS,UNIONBANK
UNIPARTS.NS,UNIPARTS
UNITDSPR.NS,UNITDSPR
UNITECH.NS,UNITECH
UNITEDPOLY.NS,UNITEDPOLY
UNITEDTEA.NS,UNITEDTEA
UNIVASTU.NS,UNIVASTU
UNIVCABLES.NS,UNIVCABLES
UNIVPHOTO.NS,UNIVPHOTO
UNOMINDA.NS,UNOMINDA
UPL.NS,UPL
URAVIDEF.NS,URAVIDEF
URJA.NS,URJA
USHAMART.NS,USHAMART
USK.NS,USK
UTIAMC.NS,UTIAMC
UTKARSHBNK.NS,UTKARSHBNK
UTTAMSUGAR.NS,UTTAMSUGAR
UYFINCORP.NS,UYFINCORP
V2RETAIL.NS,V2RETAIL
VADILALIND.NS,VADILALIND
VAIBHAVGBL.NS,VAIBHAVGBL
VAISHALI.NS,VAISHALI
VAKRANGEE.NS,VAKRANGEE
VALIANTLAB.NS,VALIANTLAB
VALIANTORG.NS,VALIANTORG
VARDHACRLC.NS,VARDHACRLC
VARDMNPOLY.NS,VARDMNPOLY
VARROC.NS,VARROC
VASCONEQ.NS,VASCONEQ
VASWANI.NS,VASWANI
VBL.NS,VBL
VCL.NS,VCL
VEDL.NS,VEDL
VEEDOL.NS,VEEDOL
VENKEYS.NS,VENKEYS
VENTIVE.NS,VENTIVE
VENUSPIPES.NS,VENUSPIPES
VENUSREM.NS,VENUSREM
VERANDA.NS,VERANDA
VERTOZ.NS,VERTOZ
VESUVIUS.NS,VESUVIUS
VETO.NS,VETO
VGUARD.NS,VGUARD
VHL.NS,VHL
VHLTD.NS,VHLTD
VIDHIING.NS,VIDHIING
VIJAYA.NS,VIJAYA
VIJIFIN.NS,VIJIFIN
VIKASECO.NS,VIKASECO
VIKASLIFE.NS,VIKASLIFE
VIMTALABS.NS,VIMTALABS
VINATIORGA.NS,VINATIORGA
VINCOFE.NS,VINCOFE
VINDHYATEL.NS,VINDHYATEL
VINEETLAB.NS,VINEETLAB
VINNY.NS,VINNY
VINYLINDIA.NS,VINYLINDIA
VIPCLOTHNG.NS,VIPCLOTHNG
VIPIND.NS,VIPIND
VIPULLTD.NS,VIPULLTD
VIRINCHI.NS,VIRINCHI
VISAKAIND.NS,VISAKAIND
VISASTEEL.NS,VISASTEEL
VISHNU.NS,VISHNU
VISHWARAJ.NS,VISHWARAJ
VIVIDHA.NS,VIVIDHA
VLEGOV.NS,VLEGOV
VLSFINANCE.NS,VLSFINANCE
VMART.NS,VMART
VMM.NS,VMM
VOLTAMP.NS,VOLTAMP
VOLTAS.NS,VOLTAS
VPRPL.NS,VPRPL
VRAJ.NS,VRAJ
VRLLOG.NS,VRLLOG
VSSL.NS,VSSL
VSTIND.NS,VSTIND
VSTL.NS,VSTL
VSTTILLERS.NS,VSTTILLERS
VTL.NS,VTL
WAAREEENER.NS,WAAREEENER
WABAG.NS,WABAG
WALCHANNAG.NS,WALCHANNAG
WANBURY.NS,WANBURY
WCIL.NS,WCIL
WEALTH.NS,WEALTH
WEBELSOLAR.NS,WEBELSOLAR
WEIZMANIND.NS,WEIZMANIND
WEL.NS,WEL
WELCORP.NS,WELCORP
WELENT.NS,WELENT
WELINV.NS,WELINV
WELSPUNLIV.NS,WELSPUNLIV
WENDT.NS,WENDT
WESTLIFE.NS,WESTLIFE
WEWIN.NS,WEWIN
WHEELS.NS,WHEELS
WHIRLPOOL.NS,WHIRLPOOL
WILLAMAGOR.NS,WILLAMAGOR
WINDLAS.NS,WINDLAS
WINDMACHIN.NS,WINDMACHIN
WINSOME.NS,WINSOME
WIPL.NS,WIPL
WIPRO.NS,WIPRO
WOCKPHARMA.NS,WOCKPHARMA
WONDERLA.NS,WONDERLA
WORTH.NS,WORTH
WSI.NS,WSI
WSTCSTPAPR.NS,WSTCSTPAPR
XCHANGING.NS,XCHANGING
XELPMOC.NS,XELPMOC
XPROINDIA.NS,XPROINDIA
XTGLOBAL.NS,XTGLOBAL
YAARI.NS,YAARI
YASHO.NS,YASHO
YATHARTH.NS,YATHARTH
YATRA.NS,YATRA
YESBANK.NS,YESBANK
YUKEN.NS,YUKEN
ZAGGLE.NS,ZAGGLE
ZEEL.NS,ZEEL
ZEELEARN.NS,ZEELEARN
ZEEMEDIA.NS,ZEEMEDIA
ZENITHEXPO.NS,ZENITHEXPO
ZENITHSTL.NS,ZENITHSTL
ZENSARTECH.NS,ZENSARTECH
ZENTEC.NS,ZENTEC
ZFCVINDIA.NS,ZFCVINDIA
ZIMLAB.NS,ZIMLAB
ZODIAC.NS,ZODIAC
ZODIACLOTH.NS,ZODIACLOTH
ZOMATO.NS,ZOMATO
ZOTA.NS,ZOTA
ZUARI.NS,ZUARI
ZUARIIND.NS,ZUARIIND
ZYDUSLIFE.NS,ZYDUSLIFE
ZYDUSWELL.NS,ZYDUSWELL
